datetime,open,high,low,close,volume
2026-09-09 12:00:00+00:00,79367.0,79634.8,79348.1,79586.0,34.59995273
2026-09-09 13:00:00+00:00,79586.0,79653.1,79091.9,79125.4,87.42300073
2026-09-09 14:00:00+00:00,79125.3,79401.8,78851.1,78946.3,140.7776774
2026-09-09 15:00:00+00:00,78946.2,79368.3,78056.0,78576.6,345.49959075
2026-09-09 16:00:00+00:00,78576.7,78900.0,78434.6,78785.1,67.44556757
2026-09-09 17:00:00+00:00,78785.1,78918.0,78660.1,78749.6,349.87924369
2026-09-09 18:00:00+00:00,78749.7,78750.0,78394.4,78394.5,123.72803745
2026-09-09 19:00:00+00:00,78395.9,78562.1,78146.0,78210.6,68.92071227
2026-09-09 20:00:00+00:00,78210.6,78324.6,77932.6,78300.0,187.80167619
2026-09-09 21:00:00+00:00,78300.0,78317.3,78000.0,78125.3,84.98415293
2026-09-09 22:00:00+00:00,78125.3,78178.5,77754.9,77909.3,138.59602174
2026-09-09 23:00:00+00:00,77897.5,78288.6,77893.7,78288.6,30.9948383
2026-09-10 00:00:00+00:00,78288.6,78348.1,78082.8,78154.2,79.04763507
2026-09-10 01:00:00+00:00,78154.3,78476.6,77932.4,78069.1,66.76930205
2026-09-10 02:00:00+00:00,78069.2,78336.5,77953.9,78330.1,36.85785038
2026-09-10 03:00:00+00:00,78330.1,78500.0,78240.4,78297.6,38.55503656
2026-09-10 04:00:00+00:00,78297.6,78411.0,78267.6,78365.2,9.75047259
2026-09-10 05:00:00+00:00,78365.1,78500.0,78241.6,78496.0,164.07725524
2026-09-10 06:00:00+00:00,78500.0,78500.0,78128.6,78395.1,27.20905332
2026-09-10 07:00:00+00:00,78395.1,78395.1,77900.0,78088.5,95.74998047
2026-09-10 08:00:00+00:00,78088.5,78144.5,78004.5,78078.7,67.17801561
2026-09-10 09:00:00+00:00,78083.2,78194.3,77895.0,77963.5,25.2343508
2026-09-10 10:00:00+00:00,77966.7,78022.6,77801.7,77836.0,28.28255964
2026-09-10 11:00:00+00:00,77835.9,78039.0,77683.7,77815.2,79.93793406
2026-09-10 12:00:00+00:00,77812.4,77930.6,76677.0,76867.2,526.40054896
2026-09-10 13:00:00+00:00,76867.2,77206.4,76722.0,77152.4,292.23845352
2026-09-10 14:00:00+00:00,77152.4,77399.8,76926.5,77371.1,210.03654285
2026-09-10 15:00:00+00:00,77371.2,77374.3,77066.8,77225.1,74.21979074
2026-09-10 16:00:00+00:00,77225.8,77279.2,76763.1,77159.8,148.75362767
2026-09-10 17:00:00+00:00,77159.9,77512.7,77084.6,77290.4,140.05387294
2026-09-10 18:00:00+00:00,77288.5,77305.3,76950.1,77219.5,58.41895694
2026-09-10 19:00:00+00:00,77219.6,77267.3,77045.1,77132.7,149.16035225
2026-09-10 20:00:00+00:00,77129.6,77322.4,77083.2,77249.5,96.7831019
2026-09-10 21:00:00+00:00,77249.5,77283.9,77081.6,77132.4,33.25620641
2026-09-10 22:00:00+00:00,77126.8,77192.2,76790.7,76802.8,56.53060535
2026-09-10 23:00:00+00:00,76802.9,76846.8,76466.0,76542.0,121.05924281
2026-09-11 00:00:00+00:00,76542.0,76900.0,76534.3,76883.6,83.14960885
2026-09-11 01:00:00+00:00,76884.2,76975.1,76642.4,76949.3,33.97147994
2026-09-11 02:00:00+00:00,76949.3,76983.0,76737.4,76814.7,25.86247145
2026-09-11 03:00:00+00:00,76814.7,76866.3,76671.4,76860.8,23.19643284
2026-09-11 04:00:00+00:00,76862.2,77167.0,76850.9,77100.0,70.18635279
2026-09-11 05:00:00+00:00,77100.1,77224.9,77022.5,77224.8,35.33326502
2026-09-11 06:00:00+00:00,77224.9,77391.9,77142.2,77263.5,29.74029163
2026-09-11 07:00:00+00:00,77263.5,77373.9,77150.0,77207.3,134.4281201
2026-09-11 08:00:00+00:00,77207.3,77466.2,77094.9,77337.5,69.32315255
2026-09-11 09:00:00+00:00,77337.5,77344.5,76839.5,77023.6,45.06546106
2026-09-11 10:00:00+00:00,77023.6,77128.7,76945.6,76971.4,48.11680621
2026-09-11 11:00:00+00:00,76971.4,77000.0,76726.3,77000.0,51.44099904
2026-09-11 12:00:00+00:00,77000.0,78100.0,76000.0,78003.5,509.24862131
2026-09-11 13:00:00+00:00,78002.7,79329.1,77234.2,79175.2,541.46556483
2026-09-11 14:00:00+00:00,79192.0,79832.3,78476.3,78774.3,348.6693743
2026-09-11 15:00:00+00:00,78773.4,78815.5,77276.7,77710.5,318.8723776
2026-09-11 16:00:00+00:00,77704.8,78041.0,77380.4,77898.5,299.95193143
2026-09-11 17:00:00+00:00,77895.5,77943.5,77475.5,77508.7,174.84234184
2026-09-11 18:00:00+00:00,77508.8,77521.9,76821.1,77032.3,280.91376669
2026-09-11 19:00:00+00:00,77030.0,77345.5,76983.8,77260.6,79.84137817
2026-09-11 20:00:00+00:00,77267.7,77466.1,77181.1,77315.4,39.59315691
2026-09-11 21:00:00+00:00,77315.4,77405.7,77061.5,77099.4,34.59785324
2026-09-11 22:00:00+00:00,77102.1,77219.4,76965.9,77127.3,56.46177455
2026-09-11 23:00:00+00:00,77127.4,77212.1,77101.7,77210.9,17.37291007
2026-09-12 00:00:00+00:00,77210.9,77313.0,77194.4,77285.7,15.3011778
2026-09-12 01:00:00+00:00,77285.7,77371.7,77247.2,77251.0,24.54589055
2026-09-12 02:00:00+00:00,77251.0,77303.7,77203.2,77273.8,26.515074809999998
2026-09-12 03:00:00+00:00,77270.3,77327.1,77220.3,77262.0,32.06959835
2026-09-12 04:00:00+00:00,77262.0,77304.0,77203.3,77212.6,20.25552685
2026-09-12 05:00:00+00:00,77212.7,77249.8,77148.1,77200.5,30.14911888
2026-09-12 06:00:00+00:00,77200.5,77345.7,77189.7,77279.1,19.01971618
2026-09-12 07:00:00+00:00,77279.2,77332.5,77242.9,77253.8,49.31486616
2026-09-12 08:00:00+00:00,77253.8,77354.9,77245.2,77340.4,26.75074815
2026-09-12 09:00:00+00:00,77341.6,77361.0,77305.2,77329.1,17.82994759
2026-09-12 10:00:00+00:00,77329.1,77371.0,77300.0,77310.7,13.9774306
2026-09-12 11:00:00+00:00,77310.8,77343.2,77271.3,77337.7,11.06105709
2026-09-12 12:00:00+00:00,77337.7,77346.8,77268.9,77318.7,18.28467559
2026-09-12 13:00:00+00:00,77318.8,77371.0,77241.7,77346.2,26.28351374
2026-09-12 14:00:00+00:00,77346.2,77490.0,77344.9,77443.9,81.50878066
2026-09-12 15:00:00+00:00,77443.9,77462.6,77350.0,77366.4,27.38183299
2026-09-12 16:00:00+00:00,77366.5,77398.5,77323.1,77344.6,12.68548544
2026-09-12 17:00:00+00:00,77344.6,77380.9,77160.0,77194.6,19.13079873
2026-09-12 18:00:00+00:00,77194.7,77203.3,77105.3,77124.4,37.10020178
2026-09-12 19:00:00+00:00,77124.4,77172.7,77050.0,77104.6,17.87523302
2026-09-12 20:00:00+00:00,77104.6,77207.2,77104.6,77152.9,8.46572206
2026-09-12 21:00:00+00:00,77146.6,77250.0,77134.9,77233.9,16.42041161
2026-09-12 22:00:00+00:00,77237.8,77283.8,77177.0,77219.1,15.18100769
2026-09-12 23:00:00+00:00,77219.1,77280.0,77218.4,77264.9,6.51199247
2026-09-13 00:00:00+00:00,77264.2,77289.1,77143.9,77257.0,29.41921162
2026-09-13 01:00:00+00:00,77257.0,77315.0,77221.3,77300.7,12.33599474
2026-09-13 02:00:00+00:00,77300.7,77300.7,77224.8,77265.9,9.65259285
2026-09-13 03:00:00+00:00,77265.9,77301.2,77168.2,77177.2,8.01873278
2026-09-13 04:00:00+00:00,77177.2,77241.0,77177.0,77191.1,13.35909877
2026-09-13 05:00:00+00:00,77191.1,77303.1,77191.0,77299.8,6.05423188
2026-09-13 06:00:00+00:00,77299.8,77299.8,77032.9,77095.0,16.20766936
2026-09-13 07:00:00+00:00,77098.7,77157.8,77070.6,77099.2,10.14160993
2026-09-13 08:00:00+00:00,77103.6,77149.5,76732.4,76782.1,138.2366945
2026-09-13 09:00:00+00:00,76782.1,76873.6,76500.1,76771.7,58.08753623
2026-09-13 10:00:00+00:00,76771.7,76787.0,76591.1,76649.0,44.27061663
2026-09-13 11:00:00+00:00,76646.4,76773.2,76459.7,76749.4,258.77497492
2026-09-13 12:00:00+00:00,76755.0,76834.0,76658.8,76726.1,28.93654627
2026-09-13 13:00:00+00:00,76726.1,76885.8,76528.1,76822.8,27.17162043
2026-09-13 14:00:00+00:00,76822.8,77215.7,76821.3,77177.7,30.19727398
2026-09-13 15:00:00+00:00,77177.7,77181.1,76986.1,77106.2,37.92919271
2026-09-13 16:00:00+00:00,77106.2,77325.0,77103.6,77258.0,28.60327023
2026-09-13 17:00:00+00:00,77258.1,77375.0,77209.8,77298.9,32.91180128
2026-09-13 18:00:00+00:00,77298.9,77358.1,77276.6,77316.6,23.85285442
2026-09-13 19:00:00+00:00,77316.7,77375.0,77195.1,77253.8,38.18365716
2026-09-13 20:00:00+00:00,77253.9,77340.0,77234.0,77311.5,25.74345865
2026-09-13 21:00:00+00:00,77319.4,77400.0,77276.6,77278.3,39.78599148
2026-09-13 22:00:00+00:00,77286.7,77286.9,76645.0,76680.3,121.78470366
2026-09-13 23:00:00+00:00,76680.3,76838.7,76600.0,76800.2,42.79327166
2026-09-14 00:00:00+00:00,76800.2,77032.6,76349.8,76775.3,57.57188623
2026-09-14 01:00:00+00:00,76775.3,77117.7,76611.9,77075.8,29.60170484
2026-09-14 02:00:00+00:00,77075.9,77650.0,76984.4,77565.8,256.70097412
2026-09-14 03:00:00+00:00,77565.8,77825.8,77500.0,77560.2,126.46262235
2026-09-14 04:00:00+00:00,77564.2,77681.7,77502.5,77655.4,99.19592257
2026-09-14 05:00:00+00:00,77655.5,77666.3,77451.3,77577.4,61.57889042
2026-09-14 06:00:00+00:00,77581.2,77829.5,77350.0,77553.0,427.79976268
2026-09-14 07:00:00+00:00,77557.6,77850.0,77498.2,77850.0,30.44464465
2026-09-14 08:00:00+00:00,77850.0,77960.2,77624.4,77702.8,69.10249375
2026-09-14 09:00:00+00:00,77702.9,78338.7,77558.8,78114.3,90.25093881
2026-09-14 10:00:00+00:00,78120.3,78139.0,77861.9,77867.4,51.3031297
2026-09-14 11:00:00+00:00,77867.5,77895.9,77652.6,77742.0,50.95932718
2026-09-14 12:00:00+00:00,77744.6,78043.9,77600.0,77660.6,79.99108995
2026-09-14 13:00:00+00:00,77660.7,78457.7,77447.7,78135.3,163.01185481
2026-09-14 14:00:00+00:00,78144.4,78665.2,78144.3,78490.8,433.46792374
2026-09-14 15:00:00+00:00,78490.8,78650.0,78275.7,78553.6,343.92182218
2026-09-14 16:00:00+00:00,78553.7,78875.0,78403.8,78759.8,225.61803277
2026-09-14 17:00:00+00:00,78759.9,79027.8,78704.4,78931.6,80.93310152
2026-09-14 18:00:00+00:00,78934.6,79309.7,78833.4,79218.1,264.77836828
2026-09-14 19:00:00+00:00,79218.1,79237.1,79000.0,79000.0,216.55309424
2026-09-14 20:00:00+00:00,79000.1,79581.2,78990.9,79090.0,225.56459441
2026-09-14 21:00:00+00:00,79090.0,79097.9,78737.0,78750.0,258.89794588
2026-09-14 22:00:00+00:00,78750.0,78838.0,78504.3,78541.0,79.93222933
2026-09-14 23:00:00+00:00,78541.0,78561.1,78115.7,78193.1,152.01604683
2026-09-15 00:00:00+00:00,78184.2,78242.1,77910.3,77944.3,67.70889402
2026-09-15 01:00:00+00:00,77944.4,78058.2,77736.4,77897.4,54.0049155
2026-09-15 02:00:00+00:00,77897.5,78002.5,77771.3,77880.0,51.42344822
2026-09-15 03:00:00+00:00,77880.2,77880.2,77633.9,77657.0,53.6251382
2026-09-15 04:00:00+00:00,77657.0,77722.9,77518.4,77552.6,52.98222198
2026-09-15 05:00:00+00:00,77552.6,77648.4,77283.9,77607.2,71.14317645
2026-09-15 06:00:00+00:00,77607.2,77706.5,77172.0,77251.8,35.93683779
2026-09-15 07:00:00+00:00,77251.9,77287.0,76847.4,76885.5,150.55250429
2026-09-15 08:00:00+00:00,76888.0,76960.0,76666.4,76959.9,299.00291288
2026-09-15 09:00:00+00:00,76960.0,77028.4,76832.3,76952.0,107.94644339
2026-09-15 10:00:00+00:00,76952.1,77141.5,76835.4,77019.2,133.27750404
2026-09-15 11:00:00+00:00,77019.2,77178.5,76815.2,76910.6,39.04447665
2026-09-15 12:00:00+00:00,76910.6,77100.0,76831.5,76930.0,75.96636047
2026-09-15 13:00:00+00:00,76919.8,77099.1,76094.4,76575.8,371.41168638
2026-09-15 14:00:00+00:00,76578.0,76675.0,75561.0,75892.8,389.17523494
2026-09-15 15:00:00+00:00,75894.1,76564.3,75789.0,76469.0,229.96621535
2026-09-15 16:00:00+00:00,76469.0,76526.3,76215.9,76336.5,193.00704308
2026-09-15 17:00:00+00:00,76336.5,77321.2,76140.1,76919.7,218.78089186
2026-09-15 18:00:00+00:00,76919.8,77152.1,74891.5,75935.4,639.7785867
2026-09-15 19:00:00+00:00,75935.4,76255.0,75768.0,76105.3,207.32248209
2026-09-15 20:00:00+00:00,76105.4,76185.0,75565.9,75874.3,126.00477997
2026-09-15 21:00:00+00:00,75874.4,75897.3,75332.2,75417.2,123.46987957
2026-09-15 22:00:00+00:00,75403.7,75692.8,75088.3,75618.0,138.55876694
2026-09-15 23:00:00+00:00,75618.1,75886.9,75517.0,75585.1,99.35385617
2026-09-16 00:00:00+00:00,75585.1,75862.7,75526.6,75718.4,56.01179993
2026-09-16 01:00:00+00:00,75718.5,75899.9,75402.1,75436.1,71.8152406
2026-09-16 02:00:00+00:00,75436.1,76040.7,75423.9,75826.6,77.85681423
2026-09-16 03:00:00+00:00,75826.6,76011.4,75700.6,75766.6,24.62160406
2026-09-16 04:00:00+00:00,75766.6,75967.3,75756.0,75800.6,78.3485317
2026-09-16 05:00:00+00:00,75800.6,75916.3,75618.5,75905.6,70.21205146
2026-09-16 06:00:00+00:00,75905.6,75968.8,75763.5,75950.0,32.06775832
2026-09-16 07:00:00+00:00,75950.0,76020.0,75672.4,75704.0,233.28743211
2026-09-16 08:00:00+00:00,75704.1,75704.1,75300.0,75670.9,176.41970825
2026-09-16 09:00:00+00:00,75671.0,75922.1,75656.1,75920.0,172.28144102
2026-09-16 10:00:00+00:00,75921.4,75973.8,75827.4,75901.5,22.92299849
2026-09-16 11:00:00+00:00,75905.1,76230.6,75815.1,76179.9,34.0046838
2026-09-16 12:00:00+00:00,76179.9,76239.1,75734.5,75900.0,54.23802924
2026-09-16 13:00:00+00:00,75899.8,75899.8,75500.8,75579.7,125.65885537
2026-09-16 14:00:00+00:00,75581.2,75764.9,75366.6,75624.7,117.62936509
2026-09-16 15:00:00+00:00,75624.8,75883.8,75492.4,75732.9,123.51949915
2026-09-16 16:00:00+00:00,75732.9,75823.2,75600.0,75703.2,79.32801773
2026-09-16 17:00:00+00:00,75703.2,75831.6,75285.2,75630.8,134.504717
2026-09-16 18:00:00+00:00,75664.0,76475.0,74957.2,75559.5,447.97816176
2026-09-16 19:00:00+00:00,75564.5,76103.5,75195.0,76012.4,323.03821898
2026-09-16 20:00:00+00:00,75999.9,76350.2,75950.4,76105.6,110.13128603
2026-09-16 21:00:00+00:00,76105.6,76146.3,75865.7,75910.5,35.01041531
2026-09-16 22:00:00+00:00,75910.6,75927.5,75600.0,75615.7,120.40135342
2026-09-16 23:00:00+00:00,75619.4,76212.3,75600.0,76146.1,116.69307856
2026-09-17 00:00:00+00:00,76146.2,76437.6,76120.6,76276.2,86.53018721
2026-09-17 01:00:00+00:00,76272.5,76704.5,76154.6,76304.4,122.27553596
2026-09-17 02:00:00+00:00,76304.5,76418.7,76000.2,76300.6,89.39428776
2026-09-17 03:00:00+00:00,76303.1,76450.0,76303.0,76368.8,17.66203277
2026-09-17 04:00:00+00:00,76368.8,76513.4,76108.7,76468.6,37.23281706
2026-09-17 05:00:00+00:00,76464.5,76542.1,76237.0,76255.2,26.3946968
2026-09-17 06:00:00+00:00,76255.2,76517.9,76230.0,76401.5,58.7310841
2026-09-17 07:00:00+00:00,76401.5,76606.6,76350.0,76385.6,34.42667356
2026-09-17 08:00:00+00:00,76385.7,76520.2,76320.0,76493.9,35.94363714
2026-09-17 09:00:00+00:00,76493.9,76689.3,76396.5,76400.0,63.76075141
2026-09-17 10:00:00+00:00,76400.0,76400.0,76200.0,76337.1,61.38538228
2026-09-17 11:00:00+00:00,76337.2,76406.9,76102.9,76394.3,56.55946698
2026-09-17 12:00:00+00:00,76398.3,77095.3,76331.0,76667.6,143.72096652
2026-09-17 13:00:00+00:00,76662.4,76821.3,75936.5,76612.4,177.79202057
2026-09-17 14:00:00+00:00,76612.5,76908.2,76304.3,76729.9,48.408638610000004
2026-09-17 18:00:00+00:00,76521.3,76524.0,76505.1,76505.1,0.43295713
2026-09-17 19:00:00+00:00,76505.2,76616.9,76438.0,76527.8,52.25088101
2026-09-17 20:00:00+00:00,76533.2,76672.8,76430.5,76496.5,70.35912440999999
2026-09-17 21:00:00+00:00,76500.5,76547.7,76334.3,76345.3,22.79221632
2026-09-17 22:00:00+00:00,76345.3,76401.1,76200.0,76355.2,78.2009374
2026-09-17 23:00:00+00:00,76355.2,76446.0,76320.3,76354.8,30.53204393
2026-09-18 00:00:00+00:00,76354.7,76527.9,76231.0,76527.8,75.39354003
2026-09-18 01:00:00+00:00,76527.9,76699.7,76448.7,76674.8,37.6888461
2026-09-18 02:00:00+00:00,76674.9,76968.6,76570.8,76910.4,101.26068451
2026-09-18 03:00:00+00:00,76912.9,77530.3,76907.1,77302.6,164.71507593
2026-09-18 04:00:00+00:00,77309.7,77489.1,77148.7,77489.1,106.01474459
2026-09-18 05:00:00+00:00,77495.1,77633.7,77370.2,77428.3,73.67416907
2026-09-18 06:00:00+00:00,77428.3,77607.6,77339.8,77537.4,109.02139602
2026-09-18 07:00:00+00:00,77537.3,77773.5,77500.2,77727.4,94.95073237
2026-09-18 08:00:00+00:00,77727.5,78196.1,77587.7,78196.1,107.28680184
2026-09-18 09:00:00+00:00,78196.2,78414.5,77950.9,78145.2,111.40516712
2026-09-18 10:00:00+00:00,78145.3,78298.4,78041.3,78222.4,83.9477903
2026-09-18 11:00:00+00:00,78222.4,78365.0,77952.3,77993.0,89.33094256
2026-09-18 12:00:00+00:00,77993.0,78116.1,77923.1,77978.7,70.15552182
2026-09-18 13:00:00+00:00,77978.8,80432.0,77900.0,80004.6,534.76255462
2026-09-18 14:00:00+00:00,80009.3,80937.5,80009.3,80896.0,648.10981974
2026-09-18 15:00:00+00:00,80896.0,81118.0,80468.9,80693.8,386.61155741
2026-09-18 16:00:00+00:00,80693.6,81232.3,80626.0,80822.9,359.40657493
2026-09-18 17:00:00+00:00,80822.9,80992.4,80546.7,80988.9,244.23366197
2026-09-18 18:00:00+00:00,80993.9,81128.6,80784.8,80907.7,265.54329613
2026-09-18 19:00:00+00:00,80924.5,81373.8,80889.0,81190.7,403.50982776
2026-09-18 20:00:00+00:00,81200.4,81212.9,80923.4,81096.6,126.4156451
2026-09-18 21:00:00+00:00,81100.0,81278.7,81080.3,81219.2,56.93991474
2026-09-18 22:00:00+00:00,81219.2,81350.5,81061.3,81114.0,86.32412407
2026-09-18 23:00:00+00:00,81122.9,81187.3,80837.5,80878.1,162.01943466
2026-09-19 00:00:00+00:00,80878.1,81647.0,80823.7,81647.0,105.77589575
2026-09-19 01:00:00+00:00,81647.0,81705.2,81035.5,81263.8,128.36035955
2026-09-19 02:00:00+00:00,81263.9,81426.8,81232.0,81274.1,60.66160814
2026-09-19 03:00:00+00:00,81275.8,81371.0,81083.8,81104.5,301.97157639
2026-09-19 04:00:00+00:00,81104.5,81203.9,80900.0,81001.5,84.19198877
2026-09-19 05:00:00+00:00,81001.5,81116.4,80986.3,81022.5,41.93993602
2026-09-19 06:00:00+00:00,81021.0,81079.5,80900.1,81024.8,30.81314918
2026-09-19 07:00:00+00:00,81025.0,81225.8,81000.8,81067.1,31.89680126
2026-09-19 08:00:00+00:00,81072.8,81377.7,81041.2,81291.7,37.33230724
2026-09-19 09:00:00+00:00,81293.3,81498.2,81228.4,81299.0,41.04323985
2026-09-19 10:00:00+00:00,81299.0,81306.0,81177.9,81192.7,64.11150177
2026-09-19 11:00:00+00:00,81192.7,81350.0,81192.6,81283.2,25.73953473
2026-09-19 12:00:00+00:00,81283.2,81340.3,81194.7,81310.1,37.18153806
2026-09-19 13:00:00+00:00,81310.2,81333.3,81152.7,81321.2,38.06586454
2026-09-19 14:00:00+00:00,81321.3,81597.5,81305.9,81552.4,91.43068699
2026-09-19 15:00:00+00:00,81552.5,81915.0,81541.1,81608.6,94.57152300999999
2026-09-19 16:00:00+00:00,81608.7,81882.0,81453.3,81811.2,48.20299335
2026-09-19 17:00:00+00:00,81811.3,81829.1,81414.3,81438.0,54.79233942
2026-09-19 18:00:00+00:00,81438.1,81521.5,81310.8,81414.4,53.22280717
2026-09-19 19:00:00+00:00,81414.5,81446.0,81294.6,81341.4,30.05677637
2026-09-19 20:00:00+00:00,81341.4,81400.0,81054.3,81129.8,89.86211648
2026-09-19 21:00:00+00:00,81129.8,81200.0,80878.0,81072.4,101.48109978
2026-09-19 22:00:00+00:00,81072.5,81240.0,80943.6,81230.8,30.75192522
2026-09-19 23:00:00+00:00,81230.9,81347.4,81189.2,81226.5,52.671645149999996
2026-09-20 00:00:00+00:00,81234.9,81302.8,81180.3,81265.1,41.59539991
2026-09-20 01:00:00+00:00,81259.1,81273.3,81000.3,81072.3,47.9022856
2026-09-20 02:00:00+00:00,81072.7,81124.8,80203.4,80302.4,147.98824111
2026-09-20 03:00:00+00:00,80308.8,80495.4,80101.0,80463.0,96.90386608
2026-09-20 04:00:00+00:00,80463.0,80503.8,80281.8,80400.1,30.05322102
2026-09-20 05:00:00+00:00,80402.4,80600.0,80400.0,80460.0,73.67912551
2026-09-20 06:00:00+00:00,80460.0,80576.5,80196.9,80288.0,58.32693517
2026-09-20 07:00:00+00:00,80288.0,80384.7,80252.8,80285.5,21.55413775
2026-09-20 08:00:00+00:00,80285.6,80425.2,80142.1,80235.0,23.15793413
2026-09-20 09:00:00+00:00,80234.3,80550.1,80218.6,80435.6,80.36308234
2026-09-20 10:00:00+00:00,80435.7,80487.3,80291.7,80295.5,17.0369225
2026-09-20 11:00:00+00:00,80295.5,80499.9,80249.7,80464.4,28.35751436
2026-09-20 12:00:00+00:00,80459.0,80500.0,80292.6,80464.8,19.28483802
2026-09-20 13:00:00+00:00,80464.8,80613.9,80400.1,80535.2,22.05553982
2026-09-20 14:00:00+00:00,80535.2,80752.0,80394.4,80650.2,56.84439079
2026-09-20 15:00:00+00:00,80650.3,80942.4,80639.6,80878.6,108.68749215
2026-09-20 16:00:00+00:00,80878.6,81458.4,80779.9,81306.9,127.61747868
2026-09-20 17:00:00+00:00,81307.0,81440.2,81060.1,81129.9,64.29714861
2026-09-20 18:00:00+00:00,81129.9,81297.8,81011.0,81020.9,93.69718171
2026-09-20 19:00:00+00:00,81021.0,81278.1,81021.0,81157.1,103.20466752
2026-09-20 20:00:00+00:00,81157.2,81216.1,81056.9,81074.9,80.12929630000001
2026-09-20 21:00:00+00:00,81075.0,81075.0,80580.6,80925.5,83.08804343
2026-09-20 22:00:00+00:00,80925.6,81269.8,80763.8,81205.5,95.40022447
2026-09-20 23:00:00+00:00,81205.6,81304.3,81116.2,81164.0,52.77220498
2026-09-21 00:00:00+00:00,81164.0,81818.8,81160.8,81606.2,92.20695572
2026-09-21 01:00:00+00:00,81597.9,82074.0,80839.5,80980.6,198.99889029
2026-09-21 02:00:00+00:00,80980.6,81492.0,80945.4,81297.1,62.35358444
2026-09-21 03:00:00+00:00,81297.1,81556.2,81226.7,81409.3,33.89366261
2026-09-21 04:00:00+00:00,81409.3,81485.0,81210.2,81379.8,31.99683131
2026-09-21 05:00:00+00:00,81379.9,81764.1,81283.6,81532.1,82.14769893
2026-09-21 06:00:00+00:00,81536.2,81852.5,81387.1,81626.7,42.23821394
2026-09-21 07:00:00+00:00,81626.7,81711.8,81460.1,81704.8,85.40190004
2026-09-21 08:00:00+00:00,81708.2,84182.9,81708.1,83747.0,603.5367211
2026-09-21 09:00:00+00:00,83746.9,85256.0,83674.8,84639.0,705.34451042
2026-09-21 10:00:00+00:00,84639.1,84798.6,84124.0,84420.9,238.72310693
2026-09-21 11:00:00+00:00,84420.9,84896.1,84389.5,84870.7,124.00347575
2026-09-21 12:00:00+00:00,84872.0,85427.5,84824.1,85304.0,304.27970058
2026-09-21 13:00:00+00:00,85301.8,85836.7,84771.3,85453.1,299.72813148
2026-09-21 14:00:00+00:00,85453.1,86100.0,85020.5,85815.4,297.0039282
2026-09-21 15:00:00+00:00,85826.4,86331.0,85753.7,85927.9,291.96272891
2026-09-21 16:00:00+00:00,85927.9,86124.6,85603.2,85961.3,195.72297477
2026-09-21 17:00:00+00:00,85961.3,86119.1,85693.7,85898.3,129.0547056
2026-09-21 18:00:00+00:00,85898.3,86079.5,85810.0,86063.3,134.49153452
2026-09-21 19:00:00+00:00,86063.3,86900.0,85968.9,86489.3,352.4602536
2026-09-21 20:00:00+00:00,86489.5,87446.7,86489.5,86988.2,393.85844141
2026-09-21 21:00:00+00:00,86986.7,86986.7,86539.0,86560.0,135.90061525
2026-09-21 22:00:00+00:00,86560.1,86733.9,86273.3,86430.2,139.64830419
2026-09-21 23:00:00+00:00,86431.7,86677.0,86346.8,86593.8,51.80440236
2026-09-22 00:00:00+00:00,86598.0,86598.1,85839.9,85881.3,157.9400622
2026-09-22 01:00:00+00:00,85880.2,85939.5,85399.5,85589.7,177.60664311
2026-09-22 02:00:00+00:00,85599.7,85854.1,85366.1,85697.3,119.4628875
2026-09-22 03:00:00+00:00,85697.4,85736.7,85292.9,85676.2,70.0561901
2026-09-22 04:00:00+00:00,85665.4,85717.4,85404.4,85441.7,153.55688817
2026-09-22 05:00:00+00:00,85443.2,85583.0,85100.0,85387.6,86.41762099
2026-09-22 06:00:00+00:00,85389.4,85551.3,85234.4,85358.4,73.40324786
2026-09-22 07:00:00+00:00,85358.5,85485.9,85149.1,85336.3,79.07811256
2026-09-22 08:00:00+00:00,85337.3,86346.3,85317.2,86199.3,207.30941421
2026-09-22 09:00:00+00:00,86199.4,86238.1,85672.8,86228.1,122.55403537
2026-09-22 10:00:00+00:00,86235.7,86235.7,85733.7,85880.0,72.36828036
2026-09-22 11:00:00+00:00,85880.0,86113.2,85768.2,85965.4,67.71014668
2026-09-22 12:00:00+00:00,85965.5,86156.0,85763.9,85990.9,92.61605007
2026-09-22 13:00:00+00:00,86003.8,86341.9,85512.2,86310.5,164.15102101
2026-09-22 14:00:00+00:00,86312.3,86432.7,85448.1,86245.6,229.93369746
2026-09-22 15:00:00+00:00,86245.5,86705.3,86109.5,86403.0,268.625169
2026-09-22 16:00:00+00:00,86403.0,86573.2,86063.5,86448.5,203.41109597
2026-09-22 17:00:00+00:00,86448.5,86663.7,86255.1,86574.9,140.35890871
2026-09-22 18:00:00+00:00,86577.4,86655.9,86252.0,86468.3,191.46779637
2026-09-22 19:00:00+00:00,86468.2,86600.9,86171.0,86212.9,171.82461669
2026-09-22 20:00:00+00:00,86212.9,86390.9,86141.0,86275.3,133.79082474
2026-09-22 21:00:00+00:00,86280.8,86350.0,86174.5,86184.1,47.77266445
2026-09-22 22:00:00+00:00,86184.2,86281.1,86000.1,86117.1,60.19442436
2026-09-22 23:00:00+00:00,86117.1,86500.0,86083.1,86196.7,107.73431248
2026-09-23 00:00:00+00:00,86199.4,86570.2,86126.5,86450.1,45.76753475
2026-09-23 01:00:00+00:00,86460.9,86829.0,86166.1,86360.2,169.16962806
2026-09-23 02:00:00+00:00,86360.1,86627.2,86261.6,86540.9,25.34587799
2026-09-23 03:00:00+00:00,86529.5,86934.5,86415.1,86701.0,63.34994265
2026-09-23 04:00:00+00:00,86701.0,87274.4,86618.9,87154.0,135.79061104
2026-09-23 05:00:00+00:00,87154.1,87160.2,86422.1,86485.2,76.81394696
2026-09-23 06:00:00+00:00,86485.2,86603.0,86366.1,86461.0,113.266938
2026-09-23 07:00:00+00:00,86461.0,86461.0,85969.1,86121.8,159.24984015
2026-09-23 08:00:00+00:00,86121.9,86261.5,85685.6,85897.0,109.23214348
2026-09-23 09:00:00+00:00,85896.7,86004.0,85728.2,85843.2,50.35393853
2026-09-23 10:00:00+00:00,85843.2,85921.2,85645.5,85913.6,95.41723319
2026-09-23 11:00:00+00:00,85913.7,85956.3,85441.0,85640.0,144.09352093
2026-09-23 12:00:00+00:00,85640.1,85654.7,85266.0,85476.7,135.05709619
2026-09-23 13:00:00+00:00,85476.8,85884.1,85267.0,85775.1,128.94163426
2026-09-23 14:00:00+00:00,85775.1,85918.2,83828.5,84517.1,745.67702311
2026-09-23 15:00:00+00:00,84517.1,84781.3,83950.1,83996.9,271.90560167
2026-09-23 16:00:00+00:00,83996.1,84348.3,83501.0,84015.5,277.9968719
2026-09-23 17:00:00+00:00,84015.6,84375.3,83709.9,84311.2,184.88026636
2026-09-23 18:00:00+00:00,84310.3,84400.6,84113.5,84308.9,107.18826147
2026-09-23 19:00:00+00:00,84308.9,84555.0,84210.1,84500.0,153.97905078
2026-09-23 20:00:00+00:00,84500.0,84551.1,84211.5,84232.8,94.2444535
2026-09-23 21:00:00+00:00,84232.9,84492.0,84200.8,84409.1,91.38820808
2026-09-23 22:00:00+00:00,84408.2,84650.0,84331.6,84555.5,63.63350869
2026-09-23 23:00:00+00:00,84555.5,84563.5,84332.8,84384.6,61.90235445
2026-09-24 00:00:00+00:00,84384.5,84473.6,84203.9,84305.8,74.81579636
2026-09-24 01:00:00+00:00,84301.4,84458.5,84050.1,84089.8,145.26802219
2026-09-24 02:00:00+00:00,84089.8,84361.1,83730.1,84344.3,55.99852414
2026-09-24 03:00:00+00:00,84346.4,84455.4,83839.3,83923.3,36.91242344
2026-09-24 04:00:00+00:00,83923.3,84038.6,83768.6,84024.7,63.91729665
2026-09-24 05:00:00+00:00,84024.7,84375.4,83942.1,83958.9,171.39398819
2026-09-24 06:00:00+00:00,83959.0,84211.2,83911.6,84093.7,46.694004989999996
2026-09-24 07:00:00+00:00,84093.6,84579.5,83930.5,84519.2,166.76054335
2026-09-24 08:00:00+00:00,84519.2,84600.0,83235.8,83622.3,273.18274649
2026-09-24 09:00:00+00:00,83625.0,83715.2,82832.3,83243.2,293.38914931
2026-09-24 10:00:00+00:00,83245.0,83547.8,83132.2,83494.4,90.20641098
2026-09-24 11:00:00+00:00,83494.4,83587.3,83378.3,83461.7,51.75796505
2026-09-24 12:00:00+00:00,83461.8,83640.7,83316.1,83579.0,56.74269421
2026-09-24 13:00:00+00:00,83579.0,84309.9,83575.9,84230.5,177.66473716
2026-09-24 14:00:00+00:00,84230.8,84914.8,83348.9,83653.6,565.93341992
2026-09-24 15:00:00+00:00,83644.3,84445.3,83486.0,84389.2,182.42861065
2026-09-24 16:00:00+00:00,84399.8,84900.0,84017.4,84478.1,200.36056494
2026-09-24 17:00:00+00:00,84478.1,84540.4,83990.0,84084.6,137.38626137
2026-09-24 18:00:00+00:00,84084.6,84517.3,83866.0,84450.2,189.37136902
2026-09-24 19:00:00+00:00,84450.3,84624.0,84270.8,84389.2,124.74657714
2026-09-24 20:00:00+00:00,84389.6,84460.5,84144.9,84352.4,82.56841201
2026-09-24 21:00:00+00:00,84351.9,84479.0,84269.5,84320.6,27.78434777
2026-09-24 22:00:00+00:00,84319.5,84343.6,83938.5,84256.9,112.07088626
2026-09-24 23:00:00+00:00,84257.2,84441.0,84238.9,84380.0,35.50389164
2026-09-25 00:00:00+00:00,84380.0,84678.0,84379.9,84566.5,90.973637
2026-09-25 01:00:00+00:00,84566.5,84771.3,84333.0,84588.6,63.47581266
2026-09-25 02:00:00+00:00,84590.2,84861.8,84157.4,84198.5,118.67678098
2026-09-25 03:00:00+00:00,84202.7,84362.2,84047.7,84211.2,65.98325198
2026-09-25 04:00:00+00:00,84211.2,84278.7,84042.1,84192.7,86.83619013
2026-09-25 05:00:00+00:00,84192.7,84331.8,84090.0,84177.3,46.33531901
2026-09-25 06:00:00+00:00,84177.3,84272.6,83924.5,84024.0,68.12443542
2026-09-25 07:00:00+00:00,84024.0,84082.8,83740.1,84024.2,170.32056755
2026-09-25 08:00:00+00:00,84024.2,84482.9,84019.3,84403.4,78.41754982
2026-09-25 09:00:00+00:00,84403.4,84835.6,84403.4,84561.4,100.86139522
2026-09-25 10:00:00+00:00,84561.4,84849.9,84375.0,84705.1,53.325494
2026-09-25 11:00:00+00:00,84705.1,85247.4,84574.0,84574.5,241.34924162
2026-09-25 12:00:00+00:00,84574.5,84684.9,83886.5,84443.8,268.09045994
2026-09-25 13:00:00+00:00,84443.8,84552.7,83512.7,83909.4,252.09584995
2026-09-25 14:00:00+00:00,83909.4,84011.8,83163.6,84001.9,433.79200998
2026-09-25 15:00:00+00:00,84001.9,84075.9,83351.5,83777.5,159.04484404
2026-09-25 16:00:00+00:00,83777.6,84097.0,83706.0,83732.6,177.10097004
2026-09-25 17:00:00+00:00,83732.7,83969.8,83612.9,83765.4,81.1369669
2026-09-25 18:00:00+00:00,83765.3,84050.3,83765.3,83952.6,90.10670648
2026-09-25 19:00:00+00:00,83952.7,84054.4,83925.0,84008.8,154.98629935
2026-09-25 20:00:00+00:00,84007.4,84200.0,83830.5,83863.6,115.08300633
2026-09-25 21:00:00+00:00,83863.6,83910.6,83619.6,83786.3,84.9802355
2026-09-25 22:00:00+00:00,83785.6,84116.2,83755.4,84064.1,61.55954327
2026-09-25 23:00:00+00:00,84056.0,84092.4,84004.2,84090.5,21.50912782
2026-09-26 00:00:00+00:00,84090.5,84130.4,83777.0,83892.3,30.53875964
2026-09-26 01:00:00+00:00,83900.7,84072.6,83896.6,84066.8,20.94842179
2026-09-26 02:00:00+00:00,84066.8,84125.1,83982.8,84001.4,39.77882125
2026-09-26 03:00:00+00:00,84001.5,84045.7,83911.3,83935.5,22.8549541
2026-09-26 04:00:00+00:00,83935.5,84035.4,83841.2,83969.4,15.848489370000001
2026-09-26 05:00:00+00:00,83969.4,83989.0,83879.4,83914.2,23.4086178
2026-09-26 06:00:00+00:00,83914.2,83950.0,83864.7,83883.1,22.7131053
2026-09-26 07:00:00+00:00,83883.1,84114.9,83883.1,84100.6,86.13324743
2026-09-26 08:00:00+00:00,84100.6,84314.7,84013.1,84195.2,46.45288383
2026-09-26 09:00:00+00:00,84195.2,84199.3,83942.9,84002.4,40.00083502
2026-09-26 10:00:00+00:00,84006.8,84171.0,84006.8,84164.7,27.85953901
2026-09-26 11:00:00+00:00,84164.7,84191.1,84116.8,84164.6,21.39984331
2026-09-26 12:00:00+00:00,84164.6,84185.5,84028.9,84046.2,15.07527558
2026-09-26 13:00:00+00:00,84037.9,84112.2,83842.8,83935.3,87.24458058
2026-09-26 14:00:00+00:00,83935.3,84039.1,83901.8,84011.2,65.64411159
2026-09-26 15:00:00+00:00,84013.2,84180.0,83999.1,84142.9,81.82832825
2026-09-26 16:00:00+00:00,84143.0,84148.7,84081.1,84103.6,17.18529522
2026-09-26 17:00:00+00:00,84103.7,84126.8,84027.4,84125.8,17.10703322
2026-09-26 18:00:00+00:00,84125.9,84153.4,83969.1,83993.1,14.04318677
2026-09-26 19:00:00+00:00,83993.1,84041.8,83962.6,84007.9,14.66306182
2026-09-26 20:00:00+00:00,84008.0,84085.0,83816.2,84014.4,60.33604722
2026-09-26 21:00:00+00:00,84014.4,84241.4,84013.3,84140.2,44.87577656
2026-09-26 22:00:00+00:00,84149.1,84401.9,84140.2,84264.4,95.14236878
2026-09-26 23:00:00+00:00,84264.4,84451.3,84264.4,84426.7,39.91567381
2026-09-27 00:00:00+00:00,84426.8,84426.8,84235.6,84291.6,96.2551765
2026-09-27 01:00:00+00:00,84291.7,84555.0,84263.7,84475.1,22.11677233
2026-09-27 02:00:00+00:00,84475.1,84525.3,84424.6,84437.5,62.055521739999996
2026-09-27 03:00:00+00:00,84437.5,84499.9,84356.2,84380.0,22.06649032
2026-09-27 04:00:00+00:00,84380.0,84478.4,84280.6,84317.4,16.43720878
2026-09-27 05:00:00+00:00,84317.5,84618.8,84301.1,84471.2,53.1808631
2026-09-27 06:00:00+00:00,84452.6,84603.0,84452.5,84505.3,25.888015
2026-09-27 07:00:00+00:00,84497.2,84768.9,84467.7,84767.9,32.90613655
2026-09-27 08:00:00+00:00,84767.9,84871.3,84687.4,84774.7,72.30000548
2026-09-27 09:00:00+00:00,84774.7,84940.9,84576.5,84936.9,78.56632105
2026-09-27 10:00:00+00:00,84937.6,85104.0,84786.1,84866.5,65.41155275
2026-09-27 11:00:00+00:00,84862.5,84925.9,84813.3,84875.6,13.45873694
2026-09-27 12:00:00+00:00,84876.7,85013.4,84777.3,84778.7,33.74125767
2026-09-27 13:00:00+00:00,84778.7,85142.8,84621.7,85015.0,62.92522036
2026-09-27 14:00:00+00:00,85016.8,85036.5,84412.6,84517.7,180.69592259
2026-09-27 15:00:00+00:00,84517.8,84629.5,84351.6,84450.1,58.9547482
2026-09-27 16:00:00+00:00,84450.2,84650.4,84361.7,84409.8,46.99577682
2026-09-27 17:00:00+00:00,84409.9,84543.0,84314.9,84543.0,38.85852497
2026-09-27 18:00:00+00:00,84543.0,84800.0,84542.9,84791.9,41.16056631
2026-09-27 19:00:00+00:00,84792.5,84828.3,84640.7,84716.5,55.41137272
2026-09-27 20:00:00+00:00,84716.5,84796.8,84523.0,84529.1,57.5971547
2026-09-27 21:00:00+00:00,84529.2,84700.0,84448.2,84659.9,22.02602575
2026-09-27 22:00:00+00:00,84660.0,84751.1,84124.2,84171.3,107.21605939
2026-09-27 23:00:00+00:00,84171.4,84521.2,84122.8,84444.2,51.51993888
2026-09-28 00:00:00+00:00,84444.2,85060.8,84120.4,84126.6,249.44583845
2026-09-28 01:00:00+00:00,84126.6,84201.4,83609.6,83683.8,203.49598346
2026-09-28 02:00:00+00:00,83683.8,83768.8,83381.8,83386.6,92.16661124
2026-09-28 03:00:00+00:00,83395.8,83512.7,83201.6,83319.8,106.8020807
2026-09-28 04:00:00+00:00,83319.9,83498.0,83214.3,83479.4,37.146404940000004
2026-09-28 05:00:00+00:00,83479.4,83516.7,82688.5,83170.4,246.05741924
2026-09-28 06:00:00+00:00,83167.0,83278.3,83026.5,83134.9,62.79520889
2026-09-28 07:00:00+00:00,83134.9,83251.2,82873.1,82931.3,84.90424143
2026-09-28 08:00:00+00:00,82928.8,83116.1,82742.5,82923.5,146.62887102
2026-09-28 09:00:00+00:00,82923.5,82965.0,82566.4,82632.9,126.18327209
2026-09-28 10:00:00+00:00,82632.9,83004.4,82632.9,82920.4,112.40586519
2026-09-28 11:00:00+00:00,82920.4,83072.3,82920.4,83062.3,68.54070138
2026-09-28 12:00:00+00:00,83062.2,83609.7,82990.0,83559.6,156.89294713
2026-09-28 13:00:00+00:00,83559.9,83795.5,83281.6,83623.6,127.56865524
2026-09-28 14:00:00+00:00,83623.6,83625.3,82568.9,82998.6,230.33793959
2026-09-28 15:00:00+00:00,82998.6,83379.1,82776.2,83340.3,151.69019695
2026-09-28 16:00:00+00:00,83339.8,84164.2,83225.8,83700.1,188.63924792
2026-09-28 17:00:00+00:00,83700.1,84338.1,83534.6,83844.8,208.44976357
2026-09-28 18:00:00+00:00,83844.8,84021.1,83770.0,84013.9,99.67972272
2026-09-28 19:00:00+00:00,84011.0,84018.3,83081.9,83350.2,209.62693469
2026-09-28 20:00:00+00:00,83351.0,83578.2,83222.8,83502.9,131.78609781
2026-09-28 21:00:00+00:00,83503.0,83623.7,83176.0,83178.1,50.8928546
2026-09-28 22:00:00+00:00,83178.2,83511.0,83059.8,83510.9,30.33187913
2026-09-28 23:00:00+00:00,83509.3,83601.5,83404.6,83462.7,20.7254316
2026-09-29 00:00:00+00:00,83462.7,83581.7,83140.7,83149.0,76.49353736
2026-09-29 01:00:00+00:00,83148.3,83208.0,82735.1,83029.2,146.03455534
2026-09-29 02:00:00+00:00,83029.2,83128.3,82858.9,82936.4,42.35800888
2026-09-29 03:00:00+00:00,82936.4,83181.6,82828.4,83035.7,42.60830404
2026-09-29 04:00:00+00:00,83040.4,83265.9,82989.1,83170.5,33.28636949
2026-09-29 05:00:00+00:00,83172.1,83399.0,82934.6,83399.0,39.96296662
2026-09-29 06:00:00+00:00,83399.1,83971.4,83383.6,83971.3,76.08138584
2026-09-29 07:00:00+00:00,83971.3,84162.9,83835.1,83951.3,98.3602205
2026-09-29 08:00:00+00:00,83951.3,84324.8,83770.2,83846.4,69.71316299
2026-09-29 09:00:00+00:00,83846.4,84291.8,83731.9,84222.8,88.16820258
2026-09-29 10:00:00+00:00,84222.8,84297.0,83947.2,83999.2,41.4681908
2026-09-29 11:00:00+00:00,83999.2,84464.6,83897.3,84324.2,82.56527514
2026-09-29 12:00:00+00:00,84324.2,84461.9,84109.6,84115.9,63.72706041
