date,enveloppe,valeur,drawdown,arretee,poids_BTCUSDT,poids_ETHUSDT,poids_SOLUSDT
2026-10-02,G2-19,4986.88,-0.0026,False,0.0,0.0,0.2914
2026-10-02,G2-25,4983.04,-0.0034,False,0.0,0.0,0.3834
2026-10-02,G2-40,4972.58,-0.0055,False,0.0,0.0,0.6134
2026-10-03,G2-19,4989.83,-0.002,False,0.0,0.0,0.2914
2026-10-03,G2-25,4986.91,-0.0026,False,0.0,0.0,0.3834
2026-10-03,G2-40,4978.78,-0.0042,False,0.0,0.0,0.6134
2026-10-04,G2-19,5001.73,0.0,False,0.0,0.0,0.2914
2026-10-04,G2-25,5002.58,0.0,False,0.0,0.0,0.3834
2026-10-04,G2-40,5003.84,0.0,False,0.0,0.0,0.6134
2026-10-05,G2-19,5026.04,0.0,False,0.0,0.0,0.3069
2026-10-05,G2-25,5034.55,0.0,False,0.0,0.0,0.4038
2026-10-05,G2-40,5055.0,0.0,False,0.0,0.0,0.646
2026-10-06,G2-19,5015.97,-0.002,False,0.0,0.0,0.3069
2026-10-06,G2-25,5021.31,-0.0026,False,0.0,0.0,0.4038
2026-10-06,G2-40,5033.82,-0.0042,False,0.0,0.0,0.646
